{"tinybrain":1,"topology":[16,20,8],"activations":["tanh","tanh"],"weights":[[-0.052912930517,-0.160068983752,-0.689914707881,-0.87286414107,-0.024953578145,-0.534170625514,-0.950264207064,-0.203539200688,0.959243610482,-0.35167840838,0.131549067391,0.005032024814,0.900869810908,-0.113357680437,0.111407632526,-0.242170350273,0.195021961441,-0.094899290751,-0.88366384892,0.662348800182,0.238933564741,-0.437896403222,0.302720056522,0.599848375469,-0.719067717772,-0.117804550155,-0.543440530795,-0.417862022025,-0.617665145368,0.68576793358,0.703921839457,-0.988887572656,-0.592019671384,0.61844261066,0.843259161265,0.962973433529,-0.309390098466,-0.569443064541,0.413831527072,0.061643288965,-0.416798362237,0.726256465412,-0.874158103892,-0.485832957311,0.357317618726,0.078773543741,0.477729920986,0.501015914372,0.539202636825,-0.149517842172,0.62424049509,0.712938467838,0.252781022923,-0.007242463067,0.399065301474,-0.718832560684,-0.766536776799,0.503247134156,0.242412852702,-0.489187225462,0.443439745085,-0.720064999405,-0.257586294439,0.051981114341,-0.819629648616,-0.342768360555,0.228467668979,0.36284927156,-0.902812548868,0.335453602176,0.680830633119,0.375491293788,-0.659757572999,0.842193759904,-0.465015657928,-0.77082385764,-0.438432154915,0.441450074055,-0.763475292252,0.28416769732,-0.941082674051,0.998240874148,0.085236002265,0.427065339604,0.871008022628,0.428260288866,0.552403867968,-0.912889335264,-0.081102525387,-0.900002978696,-0.043784613276,0.472932563849,0.927789566073,-0.669856067593,-0.622238788578,-0.088563440874,0.954145547913,-0.44025671456,0.368131464053,0.073901302681,-0.710218272968,-0.946254452665,-0.648684614174,-0.655010811824,-0.026897551039,-0.371686190074,0.33591893005,-0.857327558965,-0.058598804781,-0.622905562456,-0.274405322631,0.180671275212,-0.816874250684,0.663045216195,-0.144369058844,-0.838839452639,0.380781678195,0.71238812884,-0.312632782996,0.902932000301,-0.569413456865,-0.156976345534,0.59482473023,0.784552929823,-0.845524532649,-0.314715476388,0.369239298333,-0.449830164877,0.248111237422,0.57754158209,0.509709048788,0.16549404206,0.562904283201,-0.047345613617,0.57988508678,-0.36697602522,-0.299713371927,0.535823722154,0.746892087044,-0.772066314599,-0.413071987877,0.602073181235,0.674531407503,0.30557156415,0.244973077087,-0.904595924497,0.250128608779,-0.041925623567,0.208224806566,-0.780362257632,-0.866538138067,-0.662462616182,0.267054271543,0.976741650131,0.296193470851,-0.444968566971,0.922303725929,0.523154325561,-0.817550835115,0.003638178577,-0.381481886553,-0.512145816121,0.209310007845,-0.396611327024,-0.825366797776,0.719304570798,-0.44906303354,-0.721692023669,-0.795674537213,-0.00558582647,0.366570451002,0.722240312827,-0.737859531184,0.782570233467,-0.552260299936,-0.156938213462,0.435497954225,-0.078251608218,0.716619700061,-0.050458333944,0.325762180298,0.866205141817,0.588400663616,0.688433423493,-0.630214556879,0.9131248714,-0.549332661344,-0.836895753554,0.20508021638,-0.572875104646,0.74582364864,-0.346656504714,0.543860939119,0.711392210662,-0.386599130643,0.473364737571,-0.210752714058,0.755739715768,0.311819832452,-0.14486773086,-0.910236346494,-0.018681591851,0.220879759277,0.086860045365,0.821249836041,0.550835546828,-0.617319052861,-0.608000641506,-0.798966144118,-0.894742718849,-0.125781547802,0.398906030412,-0.40700597009,-0.585182222345,0.668945207106,0.654092232536,-0.313843272307,0.471402474433,-0.931156649222,0.137385394954,-0.269600183363,0.129548890111,-0.545525460292,0.940506227287,-0.82390264041,-0.604355217705,-0.83071382429,0.612987688562,-0.471285406254,0.582154718033,-0.809605823741,-0.482717807164,0.72873039531,0.544912007425,-0.552489568271,0.776049991965,0.709162157825,-0.033479638879,-0.095648325559,0.959676961396,0.566603533722,0.51917628549,-0.841523111724,0.837873967289,-0.985724995837,0.068725931956,-0.530538559673,0.373186040378,0.063355076622,0.212903616583,-0.929523902912,0.95168251542,0.666701832631,0.364162930923,0.508838567654,0.146499229198,-0.335707401547,-0.931980096703,0.388752030855,-0.550718579232,0.263461887493,-0.431228802275,0.154485405029,-0.835013843996,-0.953263530486,-0.983880085863,-0.875624698529,0.720177314114,-0.320870407541,-0.735442399855,-0.540083422111,-0.366868738722,0.879113173056,-0.328023414746,-0.018253201162,0.899726726999,0.708838987029,0.366742858368,-0.955483702922,-0.153823747837,0.773868164874,-0.609813385461,-0.3019296058,-0.444001557047,-0.399160193931,0.138278760546,0.85405031678,-0.137158717558,-0.788455258025,0.476239871921,0.57485750484,0.946616151345,0.108241586531,0.929623423111,-0.147742987214,0.298264215374,-0.488059703022,0.870075412034,-0.589785702336,0.454362560741,0.53516952113,-0.83204552244,0.330586286881,-0.26934595372,0.401467966568,-0.739785776352,-0.199210307188,-0.080738270227,0.682957862356,-0.941026204238,-0.275904781779,-0.199721265212,-0.745193027773,0.787356390519,0.480326731447,-0.148346308222,-0.824644193903,-0.399883887451,-0.795131151469,0.224187438946],[0.569126429767,0.301891280013,0.593977511671,-0.111534111719,0.136893194698,-0.028598722549,-0.488936183736,0.561474871617,0.953527848215,-0.257238831957,0.824342626996,-0.157052252049,0.930741337096,-0.184917051897,-0.131012114292,-0.085768967441,-0.153827352987,0.599843984283,-0.931034654347,0.026200026752,0.701491325955,-0.312204842135,-0.439934718162,-0.088780387812,0.481899940168,-0.207988174263,0.202840132268,-0.703975310411,0.407791136488,0.485949422925,-0.735405999113,-0.782983164202,0.619680807749,0.612270835607,0.925505561719,-0.921030241959,0.949190383753,0.369014158551,0.682447421217,0.419469547188,0.214512295655,0.723023572808,-0.929117000629,0.593262648021,-0.618717401111,-0.107669024313,0.708527400954,-0.673828552325,-0.378049288587,-0.817209370349,0.486483875423,-0.936849458114,-0.660192606812,-0.157323442938,-0.159914080594,0.78741566175,-0.658591661443,-0.878089528474,-0.259628971694,-0.550092634535,0.478438339885,0.697104569383,-0.065331290041,0.393298441262,0.90905814148,-0.854452630437,0.717076166401,-0.016371648301,-0.275835118851,-0.837022038101,0.109198838058,-0.862888123776,-0.472622803167,0.02466833546,0.765221010784,-0.016588433188,-0.740258404864,0.98653880413,-0.785385843266,0.639959685337,-0.506029108309,-0.53108719342,-0.109913563873,0.362358303444,-0.602334469372,0.712828961999,0.966824634917,-0.408047944032,-0.882306353134,0.190027856822,0.834676661452,0.677124933189,-0.502350019059,-0.937770011806,0.903760121159,-0.59519152697,-0.490198345617,-0.364341301548,0.88103299955,0.343921255946,-0.577054224711,-0.984481044106,0.11551993951,0.263000083744,-0.722957590466,0.114150621516,0.164651187679,-0.122519542055,-0.140814513499,0.742618875458,0.955737242455,0.392430523128,-0.986218111583,0.265535770573,-0.322818649617,-0.779035681756,-0.831394032497,-0.221342647086,-0.430917468588,-0.817126225595,0.499964305898,-0.222989990014,0.050192028773,0.819420906631,0.266583985308,0.27555477958,-0.695234910443,0.315638002621,0.162024510634,-0.914847179276,-0.588190847816,-0.560414927807,0.211019833205,0.138368629449,-0.807887856759,0.44526638251,-0.546449838926,0.319825188871,0.281692010947,-0.444939559998,0.32249931587,-0.635523628274,0.638939597476,0.253309753376,-0.48489479976,-0.356879216319,-0.916650951801,0.341905605673,0.125491432438,-0.403064767552,-0.339394507622,-0.912277424667,-0.543566108469,-0.479621893484,0.171579635316,0.320576353614,0.541165279942,0.589228088776,0.62907331699,-0.001915577334]],"biases":[[-0.248134622932,0.293616471483,-0.839305034764,-0.093333082783,0.718760995063,-0.688007296849,-0.800226200279,0.281086334624,0.318458630386,0.316547363678,0.057792112724,-0.316926708127,-0.369127992247,-0.177313746501,0.888142632268,-0.466997770344,-0.449372293171,0.350036333944,0.603875797989,-0.311355283163],[-0.4668335046,-0.520100542121,0.226731292543,0.546222359662,0.699523246707,0.686641801934,0.886421158857,0.435759181825]],"vocab":[],"labels":[],"meta":{"trained_by":"coevolve-hof","seed":0,